Timestamp,Requests,
1710229549,644,2024/3/12 7:45
1710229550,1090,2024/3/12 7:45
1710229551,1015,2024/3/12 7:45
1710229552,1104,2024/3/12 7:45
1710229553,935,2024/3/12 7:45
1710229554,479,2024/3/12 7:45
1710229555,517,2024/3/12 7:45
1710229556,517,2024/3/12 7:45
1710229557,479,2024/3/12 7:45
1710229558,513,2024/3/12 7:45
1710229559,516,2024/3/12 7:45
1710229560,448,2024/3/12 7:46
1710229561,472,2024/3/12 7:46
1710229562,768,2024/3/12 7:46
1710229563,1069,2024/3/12 7:46
1710229564,966,2024/3/12 7:46
1710229565,894,2024/3/12 7:46
1710229566,869,2024/3/12 7:46
1710229567,940,2024/3/12 7:46
1710229568,988,2024/3/12 7:46
1710229569,935,2024/3/12 7:46
1710229570,923,2024/3/12 7:46
1710229571,986,2024/3/12 7:46
1710229572,970,2024/3/12 7:46
1710229573,956,2024/3/12 7:46
1710229574,955,2024/3/12 7:46
1710229575,962,2024/3/12 7:46
1710229576,925,2024/3/12 7:46
1710229577,1007,2024/3/12 7:46
1710229578,993,2024/3/12 7:46
1710229579,900,2024/3/12 7:46
1710229580,883,2024/3/12 7:46
1710229581,905,2024/3/12 7:46
1710229582,877,2024/3/12 7:46
1710229583,929,2024/3/12 7:46
1710229584,905,2024/3/12 7:46
1710229585,802,2024/3/12 7:46
1710229586,42,2024/3/12 7:46
1710229587,453,2024/3/12 7:46
1710229588,850,2024/3/12 7:46
1710229589,827,2024/3/12 7:46
1710229590,908,2024/3/12 7:46
1710229591,845,2024/3/12 7:46
1710229592,766,2024/3/12 7:46
1710229593,704,2024/3/12 7:46
1710229594,983,2024/3/12 7:46
1710229595,880,2024/3/12 7:46
1710229596,742,2024/3/12 7:46
1710229597,883,2024/3/12 7:46
1710229598,919,2024/3/12 7:46
1710229599,887,2024/3/12 7:46
1710229600,882,2024/3/12 7:46
1710229601,861,2024/3/12 7:46
1710229602,929,2024/3/12 7:46
1710229603,957,2024/3/12 7:46
1710229604,862,2024/3/12 7:46
1710229605,784,2024/3/12 7:46
1710229606,787,2024/3/12 7:46
1710229607,448,2024/3/12 7:46
1710229608,241,2024/3/12 7:46
1710229609,194,2024/3/12 7:46
1710229610,23,2024/3/12 7:46
1710229611,14,2024/3/12 7:46
1710229612,25,2024/3/12 7:46
1710229613,20,2024/3/12 7:46
1710229614,40,2024/3/12 7:46
1710229615,23,2024/3/12 7:46
1710229616,101,2024/3/12 7:46
1710229617,567,2024/3/12 7:46
1710229618,827,2024/3/12 7:46
1710229619,847,2024/3/12 7:46
1710229620,904,2024/3/12 7:47
1710229621,881,2024/3/12 7:47
1710229622,971,2024/3/12 7:47
1710229623,997,2024/3/12 7:47
1710229624,870,2024/3/12 7:47
1710229625,932,2024/3/12 7:47
1710229626,900,2024/3/12 7:47
1710229627,908,2024/3/12 7:47
1710229628,955,2024/3/12 7:47
1710229629,911,2024/3/12 7:47
1710229630,928,2024/3/12 7:47
1710229631,922,2024/3/12 7:47
1710229632,947,2024/3/12 7:47
1710229633,964,2024/3/12 7:47
1710229634,929,2024/3/12 7:47
1710229635,934,2024/3/12 7:47
1710229636,935,2024/3/12 7:47
1710229637,892,2024/3/12 7:47
1710229638,864,2024/3/12 7:47
1710229639,666,2024/3/12 7:47
1710229640,882,2024/3/12 7:47
1710229641,903,2024/3/12 7:47
1710229642,988,2024/3/12 7:47
1710229643,937,2024/3/12 7:47
1710229644,984,2024/3/12 7:47
1710229645,990,2024/3/12 7:47
1710229646,983,2024/3/12 7:47
1710229647,1008,2024/3/12 7:47
1710229648,1024,2024/3/12 7:47
1710229649,983,2024/3/12 7:47
1710229650,983,2024/3/12 7:47
1710229651,939,2024/3/12 7:47
1710229652,961,2024/3/12 7:47
1710229653,1017,2024/3/12 7:47
1710229654,872,2024/3/12 7:47
1710229655,777,2024/3/12 7:47
1710229656,848,2024/3/12 7:47
1710229657,991,2024/3/12 7:47
1710229658,951,2024/3/12 7:47
1710229659,962,2024/3/12 7:47
1710229660,925,2024/3/12 7:47
1710229661,946,2024/3/12 7:47
1710229662,1022,2024/3/12 7:47
1710229663,1042,2024/3/12 7:47
1710229664,1034,2024/3/12 7:47
1710229665,1028,2024/3/12 7:47
1710229666,958,2024/3/12 7:47
1710229667,879,2024/3/12 7:47
1710229668,956,2024/3/12 7:47
1710229669,1019,2024/3/12 7:47
1710229670,1032,2024/3/12 7:47
1710229671,937,2024/3/12 7:47
1710229672,980,2024/3/12 7:47
1710229673,897,2024/3/12 7:47
1710229674,921,2024/3/12 7:47
1710229675,857,2024/3/12 7:47
1710229676,913,2024/3/12 7:47
1710229677,864,2024/3/12 7:47
1710229678,947,2024/3/12 7:47
1710229679,880,2024/3/12 7:47
1710229680,793,2024/3/12 7:48
1710229681,877,2024/3/12 7:48
1710229682,864,2024/3/12 7:48
1710229683,898,2024/3/12 7:48
1710229684,818,2024/3/12 7:48
1710229685,813,2024/3/12 7:48
1710229686,770,2024/3/12 7:48
1710229687,812,2024/3/12 7:48
1710229688,787,2024/3/12 7:48
1710229689,731,2024/3/12 7:48
1710229690,748,2024/3/12 7:48
1710229691,776,2024/3/12 7:48
1710229692,689,2024/3/12 7:48
1710229693,708,2024/3/12 7:48
1710229694,653,2024/3/12 7:48
1710229695,803,2024/3/12 7:48
1710229696,805,2024/3/12 7:48
1710229697,636,2024/3/12 7:48
1710229698,688,2024/3/12 7:48
1710229699,702,2024/3/12 7:48
1710229700,900,2024/3/12 7:48
1710229701,848,2024/3/12 7:48
1710229702,867,2024/3/12 7:48
1710229703,778,2024/3/12 7:48
1710229704,793,2024/3/12 7:48
1710229705,765,2024/3/12 7:48
1710229706,782,2024/3/12 7:48
1710229707,650,2024/3/12 7:48
1710229708,663,2024/3/12 7:48
1710229709,756,2024/3/12 7:48
1710229710,917,2024/3/12 7:48
1710229711,853,2024/3/12 7:48
1710229712,795,2024/3/12 7:48
1710229713,798,2024/3/12 7:48
1710229714,812,2024/3/12 7:48
1710229715,755,2024/3/12 7:48
1710229716,885,2024/3/12 7:48
1710229717,834,2024/3/12 7:48
1710229718,817,2024/3/12 7:48
1710229719,682,2024/3/12 7:48
1710229720,820,2024/3/12 7:48
1710229721,817,2024/3/12 7:48
1710229722,964,2024/3/12 7:48
1710229723,910,2024/3/12 7:48
1710229724,878,2024/3/12 7:48
1710229725,894,2024/3/12 7:48
1710229726,843,2024/3/12 7:48
1710229727,812,2024/3/12 7:48
1710229728,769,2024/3/12 7:48
1710229729,816,2024/3/12 7:48
1710229730,797,2024/3/12 7:48
1710229731,858,2024/3/12 7:48
1710229732,751,2024/3/12 7:48
1710229733,642,2024/3/12 7:48
1710229734,744,2024/3/12 7:48
1710229735,782,2024/3/12 7:48
1710229736,674,2024/3/12 7:48
1710229737,698,2024/3/12 7:48
1710229738,743,2024/3/12 7:48
1710229739,811,2024/3/12 7:48
1710229740,866,2024/3/12 7:49
1710229741,723,2024/3/12 7:49
1710229742,753,2024/3/12 7:49
1710229743,764,2024/3/12 7:49
1710229744,865,2024/3/12 7:49
1710229745,664,2024/3/12 7:49
1710229746,657,2024/3/12 7:49
1710229747,740,2024/3/12 7:49
1710229748,794,2024/3/12 7:49
1710229749,575,2024/3/12 7:49
1710229750,328,2024/3/12 7:49
1710229751,0,2024/3/12 7:49
1710229752,172,2024/3/12 7:49
1710229753,288,2024/3/12 7:49
1710229754,411,2024/3/12 7:49
1710229755,718,2024/3/12 7:49
1710229756,882,2024/3/12 7:49
1710229757,927,2024/3/12 7:49
1710229758,880,2024/3/12 7:49
1710229759,690,2024/3/12 7:49
1710229760,807,2024/3/12 7:49
1710229761,833,2024/3/12 7:49
1710229762,770,2024/3/12 7:49
1710229763,914,2024/3/12 7:49
1710229764,861,2024/3/12 7:49
1710229765,805,2024/3/12 7:49
1710229766,514,2024/3/12 7:49
1710229767,522,2024/3/12 7:49
1710229768,595,2024/3/12 7:49
1710229769,559,2024/3/12 7:49
1710229770,400,2024/3/12 7:49
1710229771,310,2024/3/12 7:49
1710229772,550,2024/3/12 7:49
1710229773,503,2024/3/12 7:49
1710229774,392,2024/3/12 7:49
1710229775,693,2024/3/12 7:49
1710229776,42,2024/3/12 7:49
1710229777,55,2024/3/12 7:49
1710229778,107,2024/3/12 7:49
1710229779,0,2024/3/12 7:49
1710229780,0,2024/3/12 7:49
1710229781,0,2024/3/12 7:49
1710229782,0,2024/3/12 7:49
1710229783,1,2024/3/12 7:49
1710229784,0,2024/3/12 7:49
1710229785,0,2024/3/12 7:49
1710229786,0,2024/3/12 7:49
1710229787,0,2024/3/12 7:49
1710229788,0,2024/3/12 7:49
1710229789,0,2024/3/12 7:49
1710229790,0,2024/3/12 7:49
1710229791,9,2024/3/12 7:49
1710229792,55,2024/3/12 7:49
1710229793,73,2024/3/12 7:49
1710229794,102,2024/3/12 7:49
1710229795,236,2024/3/12 7:49
1710229796,507,2024/3/12 7:49
1710229797,567,2024/3/12 7:49
1710229798,682,2024/3/12 7:49
1710229799,665,2024/3/12 7:49
1710229800,924,2024/3/12 7:50
1710229801,870,2024/3/12 7:50
1710229802,794,2024/3/12 7:50
1710229803,736,2024/3/12 7:50
1710229804,563,2024/3/12 7:50
1710229805,307,2024/3/12 7:50
1710229806,451,2024/3/12 7:50
1710229807,468,2024/3/12 7:50
1710229808,419,2024/3/12 7:50
1710229809,477,2024/3/12 7:50
1710229810,758,2024/3/12 7:50
1710229811,795,2024/3/12 7:50
1710229812,806,2024/3/12 7:50
1710229813,725,2024/3/12 7:50
1710229814,567,2024/3/12 7:50
1710229815,377,2024/3/12 7:50
1710229816,355,2024/3/12 7:50
1710229817,333,2024/3/12 7:50
1710229818,439,2024/3/12 7:50
1710229819,447,2024/3/12 7:50
1710229820,490,2024/3/12 7:50
1710229821,743,2024/3/12 7:50
1710229822,775,2024/3/12 7:50
1710229823,822,2024/3/12 7:50
1710229824,864,2024/3/12 7:50
1710229825,621,2024/3/12 7:50
1710229826,814,2024/3/12 7:50
1710229827,546,2024/3/12 7:50
1710229828,493,2024/3/12 7:50
1710229829,446,2024/3/12 7:50
1710229830,336,2024/3/12 7:50
1710229831,419,2024/3/12 7:50
1710229832,290,2024/3/12 7:50
1710229833,135,2024/3/12 7:50